{"products":[{"id":"0.6591683491284754","qty":1}],"totalPrice":35.599999999999994}